{"eval_exact_match": 18.27956989247312, "eval_f1": 32.35364396654719}