{"eval_exact_match": 21.20343839541547, "eval_f1": 28.78242732249245}