{"eval_exact_match": 7.174887892376682, "eval_f1": 16.212541817922986}