{"eval_exact_match": 7.526881720430108, "eval_f1": 15.178268251273346}