{"eval_exact_match": 13.90134529147982, "eval_f1": 24.041771382578546}