{"eval_exact_match": 69.1566265060241, "eval_f1": 76.84644982298761}