{"eval_exact_match": 12.750716332378223, "eval_f1": 21.310069778897052}