{"eval_exact_match": 16.6189111747851, "eval_f1": 23.390529400558048}