{"eval_exact_match": 61.68674698795181, "eval_f1": 66.76361389614401}