{"eval_exact_match": 24.819277108433734, "eval_f1": 39.28712770313727}